,sentence,word,ner
2,0, सुन्दर ,B-PERSON
3,0, 'सब ,B-LOCATION
4,0, ओर ,B-PERSON
8,0, श्वेत ,B-PERSON
9,0, मेघ ,B-PERSON
12,0, राक्षसों ,B-PERSON
24,0, जगमन. ,B-PERSON
28,0, राधा ,B-PERSON
32,0, श्रीमान् ,B-PERSON
34,0, हुमा ,B-PERSON
46,0, राक्षसों ,B-PERSON
47,0, के ,B-PERSON
51,0, अप ,B-PERSON
54,0, के ,B-PERSON
56,0, मुने ,B-PERSON
57,0, और ,B-PERSON
58,0, स्वाध्याय ,B-PERSON
60,0, रत ,B-PERSON
61,0, राक्षसों ,B-PERSON
65,0, वह ,B-PERSON
66,0, उस ,B-LOCATION
67,0, सुन्दर ,B-PERSON
69,0, माला ,I-LOCATION
70,0, की ,I-LOCATION
72,0, मस्थित ,B-PERSON
74,0, जो ,B-PERSON
75,0, उत्तम ,B-LOCATION
76,0, स्त्री ,B-PERSON
77,0, की ,B-PERSON
78,0, तरह ,B-LOCATION
79,0, रावण ,B-PERSON
80,0, की ,B-PERSON
81,0, बड़ी ,B-LOCATION
82,0, पारी ,B-PERSON
89,0, श्रीद ,B-PERSON
91,0, हुए ,B-PERSON
92,0, पलङ्ग ,B-LOCATION
93,0, -. ,B-PERSON
95,0, लेटे ,B-PERSON
96,0, हुए ,B-PERSON
97,0, राक्षसाधिपति ,B-PERSON
98,0, को ,B-PERSON
99,0, उस ,B-PERSON
100,0, महारानर ,B-PERSON
101,0, ने ,B-PERSON
103,0, जो ,B-PERSON
104,0, अपनी ,B-PERSON
105,0, शोभा ,B-PERSON
108,0, उस ,B-PERSON
110,0, भवन ,I-LOCATION
115,0, बद्द ,B-PERSON
116,0, मन्दोदरी ,B-PERSON
117,0," थी, ",B-LOCATION
118,0, जोकि ,B-PERSON
119,0, सुन्दर ,B-PERSON
120,0, रूपवती ,B-PERSON
130,1, रावण ,B-PERSON
132,1, पारा ,B-PERSON
133,1, अन्तःपुर ,B-LOCATION
137,1, जानकी ,B-PERSON
140,1, ) ,B-PERSON
141,1, सीता ,B-PERSON
143,1, न ,B-PERSON
145,1, से ,B-PERSON
146,1, हनुमान ,B-PERSON
147,1, की ,B-PERSON
148,1, उदासी ,B-PERSON
149,1, सब ,B-PERSON
150,1, बद ,B-PERSON
151,1, महावानर ,B-PERSON
152,1, राम ,B-PERSON
153,1, की ,B-PERSON
154,1, इस ,B-PERSON
155,1, प्यारी ,B-PERSON
162,1, निमन्देह ,B-PERSON
163,1, मैथिली ,B-LOCATION
164,1, सीता ,B-PERSON
184,1, मावानर ,B-PERSON
186,1, अवकाश ,B-PERSON
188,1, फिस!! ,B-PERSON
189,1, ८. ,B-PERSON
190,1, संगर ,B-PERSON
193,1, हनुमान ,B-PERSON
194,1, के ,B-PERSON
207,1, महा ,B-PERSON
208,1, तेजस्वी ,B-PERSON
210,1, मन्दिर ,I-LOCATION
211,1, के ,I-LOCATION
212,1, कोट ,I-LOCATION
217,1, वानर ,B-PERSON
222,1," मणिभूमिप, ",B-PERSON
223,1, चान्दी ,B-LOCATION
233,2, उस ,B-PERSON
234,2, वानर ,B-PERSON
241,2, पर्वत ,I-LOCATION
251,2, विचित्रकूट ,B-LOCATION
252,2, नामी ,B-PERSON
253,2, था ,B-LOCATION
254,2, वड़ ,B-PERSON
255,2, महादानर ,B-PERSON
267,2, मैं ,B-PERSON
268,2, राम ,B-LOCATION
269,2, के ,B-PERSON
274,2, वैदेही ,B-PERSON
275,2, को ,B-LOCATION
276,2, देखूगा ,B-PERSON
278,2, नद ,I-LOCATION
279,2, नदियों ,I-LOCATION
280,2, का ,I-LOCATION
281,2, पति ,B-PERSON
282,2, श्रीमान ,B-PERSON
283,2, सागर ,B-LOCATION
284,2, मैंने ,B-PERSON
285,2, लेघा ,B-LOCATION
286,2," है, ",B-PERSON
287,2, इस ,B-LOCATION
288,2, विशालनत्रा ,B-PERSON
292,2, यह ,B-PERSON
293,2, सारी ,B-LOCATION
294,2, पुरी ,B-PERSON
299,2, सुवर्ण ,B-PERSON
300,2, तुल्य ,B-LOCATION
301,2," रङ्गवाली, ",B-PERSON
321,2, स्त्री ,B-PERSON
323,2, भूषण ,B-PERSON
346,3, मङ्गक ,B-PERSON
347,3, बाओं ,B-PERSON
349,3, कानों ,B-PERSON
351,3, प्यारे ,B-PERSON
354,3, महाबाहु ,B-PERSON
355,3, महाबड़ी ,B-LOCATION
356,3, रावण ,B-PERSON
357,3, जागा ,B-LOCATION
358,3, पहाने ,B-PERSON
359,3, जम्बी ,B-PERSON
360,3, महावानर ,B-PERSON
361,3, ने ,B-PERSON
362,3, उस ,B-PERSON
363,3, बेजात्री ,B-PERSON
364,3, को ,B-PERSON
366,3, तब ,B-PERSON
367,3, वह ,B-PERSON
368,3, बुद्धिमान् ,B-PERSON
369,3, वानर ,B-PERSON
370,3," "" ",B-PERSON
371,3, यह ,B-LOCATION
372,3, महावाहु ,B-PERSON
373,3, रावण ,B-PERSON
375,3, ऐसा ,B-PERSON
380,3, पत्नों ,B-PERSON
382,3, छिय ,B-PERSON
384,3, ।। ,B-PERSON
388,3, २०) ,B-PERSON
389,3, रावण ,B-PERSON
390,3, को ,B-PERSON
391,3, देखकर ,B-PERSON
392,3, सीता ,B-PERSON
393,3, का ,B-PERSON
394,3, मय ,B-PERSON
395,3, मौर ,B-PERSON
396,3, रावण ,B-PERSON
397,3, का ,B-PERSON
398,3, प्रेम ,B-PERSON
400,3, तब ,B-PERSON
401,3, राक्षसाधिपति ,B-PERSON
402,3, रावण ,B-PERSON
403,3, को ,B-PERSON
404,3, देखते ,B-PERSON
405,3, ही ,B-PERSON
406,3, वरारोहा ,B-PERSON
407,3, सीता ,B-PERSON
408,3, मवल ,B-LOCATION
409,3, वायु ,B-PERSON
410,3, में ,B-LOCATION
411,3, कदली ,B-PERSON
412,3, की ,B-PERSON
413,3, तरह ,B-LOCATION
414,3, कांप ,B-PERSON
415,3, उठी ,B-PERSON
416,3, रावण ,B-PERSON
417,3, ने ,B-PERSON
418,3, राक्षसीगणों ,B-PERSON
419,3, से ,B-PERSON
420,3, रक्षा ,B-PERSON
422,3," हुई, ",B-PERSON
424,3, दुःख ,B-PERSON
425,3, से ,B-PERSON
427,3, सीता ,B-PERSON
428,3, को ,B-PERSON
429,3, समुद्र ,B-PERSON
433,3, नौकावत ,B-PERSON
435,3, ।। ,B-PERSON
438,3, खाली ,B-PERSON
443,3, तीक्ष्ण ,B-PERSON
446,3, रावण ,B-PERSON
447,3, के ,B-PERSON
448,3, षध ,B-PERSON
451,3, तीक्ष्ण ,B-PERSON
454,3, ई) ,B-PERSON
459,3, वनस्पति ,B-PERSON
461,3, शाखा ,B-PERSON
464,3, मुझे ,B-PERSON
467,3, हे ,B-PERSON
468,3, हाथी ,B-PERSON
469,3, के ,B-PERSON
470,3, मूह ,B-PERSON
471,3, के ,B-PERSON
472,3, तुल्प ,B-PERSON
473,3, रानों ,B-LOCATION
474,3, वाळी ,B-PERSON
476,3, स्तन ,B-PERSON
477,3, भीर ,B-LOCATION
478,3, उदर ,B-PERSON
512,4, व० ,B-PERSON
513,4, २६) ,B-PERSON
514,4, सीता ,B-PERSON
515,4, का ,B-PERSON
518,4, जम ,B-PERSON
519,4, रौद्र ,B-PERSON
520,4, राक्षस ,B-PERSON
521,4, के ,B-PERSON
522,4, वचन ,B-PERSON
525,4, रोसी ,B-PERSON
526,4, दुई ,B-PERSON
527,4, कांपती ,B-PERSON
529,4, बेचारी ,B-PERSON
530,4, दुखिया ,B-PERSON
531,4, सीता ,B-PERSON
532,4, ।।पनियता ,B-PERSON
533,4, शुद्ध ,B-PERSON
534,4, इंधीवाली ,B-LOCATION
535,4, परारोहा ,B-PERSON
536,4, पति ,B-PERSON
537,4, काही ,B-PERSON
549,4, माक्षाव ,B-PERSON
557,4, देवी ,B-PERSON
558,4, भईमैं ,B-PERSON
559,4, पतिव्रता ,B-PERSON
560,4, महान ,B-PERSON
561,4, कुल ,B-PERSON
565,4, श्रीर ,B-PERSON
566,4, महा ,B-PERSON
567,4, कुल ,B-LOCATION
568,4, को ,B-PERSON
570,4, 'हुई ,B-PERSON
577,4, अनीति ,B-PERSON
580,4, राजा ,B-PERSON
583,4, समृदिशाली ,B-PERSON
585,4, नगर ,B-PERSON
591,4, मैं ,B-PERSON
593,4, धा ,B-PERSON
599,4, मैं ,B-PERSON
600,4, राघव ,B-PERSON
607,4, मूर्प ,B-PERSON
613,4, उस ,B-PERSON
614,4, लोकनाथ ,B-PERSON
616,4, पूजित ,B-PERSON
617,4, भुजा ,B-PERSON
626,4, दूसरे ,B-PERSON
628,4, भुजा ,B-PERSON
633,4, रखुगी ,B-PERSON
638,5, मनुष्यों ,B-PERSON
645,5, जन ,B-PERSON
647,5, दया ,B-PERSON
657,5, वरानने ,B-PERSON
687,5, मैथिलि ,B-PERSON
688,5, तेरा ,B-PERSON
689,5, दारुण ,B-PERSON
690,5, क्ध ,B-PERSON
695,5, काले ,B-PERSON
696,5, कैरे ,B-PERSON
698,5, क्रूर ,B-PERSON
699,5, नेत्र ,B-PERSON
701,5, अन.ये ,B-PERSON
717,5, धर्मात्मा ,B-PERSON
719,5, पत्नी ,B-PERSON
720,5, दश ,B-PERSON
721,5, ध.की ,B-PERSON
722,5, स्तुपा ,B-PERSON
724,5, ऐनी ,B-PERSON
729,5, पापी ,B-PERSON
730,5, सरी ,B-PERSON
732,5, क्यों ,B-PERSON
736,5, धर्मास्मा ,B-PERSON
737,5, राम ,B-PERSON
739,5, आशा ,B-PERSON
742,5, आप ,B-PERSON
747,5, हे ,B-PERSON
748,5, रावण ,B-PERSON
749,5, मैं ,B-PERSON
752,5, (पातिप्रस ,B-PERSON
753,5, के) ,B-PERSON
754,5, तेजस ,B-PERSON
761,5, भस्म ,B-PERSON
765,5, वण ,B-PERSON
767,5, सीना ,B-PERSON
769,5, क्रोध ,B-PERSON
770,5, सीता ,B-PERSON
771,5, के ,B-PERSON
775,5, साक्षसपति ,B-PERSON
776,5, रावण ,B-PERSON
777,5, क्रूर ,B-PERSON
778,5, मेवों ,B-PERSON
781,5, जानकी ,B-PERSON
786,5, शत्रुओं ,B-PERSON
790,5, राजा-रावण ,B-PERSON
791,5, यैथिली ,B-PERSON
792,5, को ,B-PERSON
796,5, भयङ्कर ,B-PERSON
798,5, राक्षसियों ,B-PERSON
814,6, अन्तःपुर ,B-PERSON
822,6, बिलोकी ,B-PERSON
824,6, ऐश्वर्य ,B-PERSON
828,6, रामसेमा ,B-PERSON
829,6, रावण ,B-PERSON
830,6, को ,B-PERSON
831,6, भर्ता ,B-PERSON
832,6, चनाकार ,B-PERSON
833,6, मुख ,B-PERSON
835,6, निहार ,B-PERSON
837,6, दीन ,B-PERSON
839,6, राज्यहीन ,B-PERSON
847,6, गुरु ,B-PERSON
855,6, सूर्य ,B-PERSON
857,6, सुघर्षला ,B-PERSON
858,6, खिया ,B-PERSON
859,6, सुन्दरी ,B-PERSON
860,6," "" ",B-PERSON
861,6, हा ,B-LOCATION
862,6," सम"" ",B-PERSON
863,6, का ,B-PERSON
864,6," लक्ष्मण, ",B-PERSON
865,6, हा ,B-LOCATION
866,6, परी ,B-PERSON
867,6, सास ,B-LOCATION
868,6," कोरपा, ",B-PERSON
869,6, हा ,B-PERSON
870,6," पुमित्रा, ",B-PERSON
871,6, पापार ,B-PERSON
873,6, कहती ,B-PERSON
876,6, विद्वानों ,B-PERSON
877,6, ने ,B-PERSON
883,6, किरिना ,B-PERSON
884,6, काळ ,B-PERSON
885,6, के ,B-PERSON
886,6, स्त्री ,B-PERSON
888,6, पुरुष ,B-PERSON
890,6, प्रत्यु ,B-PERSON
898,6, क्रूर ,B-PERSON
899,6, राक्षसियों ,B-PERSON
904,6, राप ,B-PERSON
906,6, वियुक्त ,B-PERSON
908,6, दुखिपा ,B-PERSON
910,6, मुईत ,B-PERSON
915,6, विज्ञार ,B-PERSON
933,6, फामा ,B-PERSON
934,6, आरक्ता ,B-PERSON
936,6, मैं ,B-PERSON
937,6, राक्षस ,B-PERSON
938,6, रावण ,B-PERSON
953,7, भरत ,B-PERSON
954,7, का ,B-PERSON
956,7, भाई ,B-PERSON
957,7, गम ,B-LOCATION
958,7, मुमो ,B-PERSON
968,7, पृथिवी ,B-PERSON
978,7, शोक ,B-PERSON
980,7, वह ,B-PERSON
981,7, वीर ,B-PERSON
982,7, लक्ष्मण ,B-PERSON
983,7, का ,B-PERSON
984,7, बड़ा ,B-PERSON
985,7, भाई ,B-PERSON
986,7, पृथिवी ,B-PERSON
988,7, देह ,B-PERSON
990,7, याग ,B-PERSON
994,7, देवलोक ,B-PERSON
1003,7, यह ,B-PERSON
1004,7, यशस्विनी ,B-LOCATION
1005,7, राजपुषी ,B-PERSON
1006,7, मानकी ,B-LOCATION
1007,7, परित्राण ,B-PERSON
1031,7, याग ,B-PERSON
1033,7, वह ,B-PERSON
1034,7, सची ,B-LOCATION
1035,7, प्रतिज्ञापाले ,B-PERSON
1036,7, उस ,B-PERSON
1037,7, वृद्ध ,B-PERSON
1038,7, पिता ,B-PERSON
1039,7, के ,B-PERSON
1040,7, वचन ,B-PERSON
1042,7, भार्या ,B-PERSON
1043,7, और ,B-PERSON
1044,7, भाई ,B-PERSON
1045,7, समेत ,B-PERSON
1046,7, वन ,B-PERSON
1051,8, पनुमार ,B-PERSON
1052,8, का ,B-PERSON
1053,8, सीता ,B-PERSON
1054,8, के ,B-PERSON
1058,8, सौता ,B-PERSON
1060,8, सन्देह ,B-PERSON
1061,8, तच ,B-LOCATION
1062,8, यह ,B-PERSON
1063,8, उस ,B-LOCATION
1064,8, वृक्ष ,B-PERSON
1069,8, श्रामणाम ,B-PERSON
1071,8, पवनपुत्र ,B-PERSON
1072,8, हनुमान ,B-PERSON
1073,8, सिर ,B-PERSON
1074,8, पर ,B-LOCATION
1075,8, हाय ,B-PERSON
1077,8, मधुर ,B-PERSON
1078,8, वाणी ,B-PERSON
1079,8, से ,B-PERSON
1080,8, उस ,B-PERSON
1081,8, सीता ,B-PERSON
1082,8, से ,B-PERSON
1083,8, बोला ,B-PERSON
1084,8, राम ,B-PERSON
1085,8, के ,B-PERSON
1086,8, सन्देश ,B-PERSON
1087,8, से ,B-PERSON
1088,8, हे ,B-PERSON
1089,8, देवि ,B-PERSON
1090,8, ! ,B-PERSON
1091,8, मैं ,B-PERSON
1092,8, तेरे ,B-PERSON
1094,8, दृत ,B-PERSON
1095,8, आया ,B-PERSON
1098,8, पैदेहि ,B-PERSON
1099,8, ! ,B-PERSON
1100,8, राम ,B-PERSON
1101,8, कुशल ,B-PERSON
1105,8, उन्होंने ,B-PERSON
1106,8, तुझ ,B-PERSON
1107,8, कुमाक ,B-PERSON
1108,8, कहा ,B-PERSON
1110,8, शोक ,B-PERSON
1112,8, सपी ,B-PERSON
1114,8, सीता ,B-PERSON
1115,8, के ,B-PERSON
1116,8, वचन ,B-PERSON
1118,8, पुनकर ,B-PERSON
1119,8, पवनपुत्र ,B-PERSON
1120,8, हनुमान ,B-PERSON
1121,8, उनके ,B-PERSON
1126,8, तव ,B-PERSON
1127,8, उस ,B-PERSON
1128,8, महाबाहू ,B-PERSON
1129,8, ने ,B-PERSON
1130,8, जनकपुत्री ,B-PERSON
1131,8, को ,B-PERSON
1135,8, वह ,B-PERSON
1146,8," , ",B-PERSON
1149,8, ) ,B-PERSON
1150,8, हनुमान ,B-PERSON
1151,8, मोर ,B-PERSON
1152,8, सीता ,B-PERSON
1153,8, का ,B-PERSON
1154,8, सम्बाद। ,B-PERSON
1155,8, सीता ,B-PERSON
1156,8, के ,B-PERSON
1160,8, भयङ्कर ,B-PERSON
1162,8, वाला ,B-PERSON
1163,8, इनुपान् ,B-PERSON
1164,8, हाथ ,B-PERSON
1167,8, माथे ,B-PERSON
1174,9,देव ,B-PERSON
1175,9, निःसन्देह ,B-PERSON
1179,9, राम ,B-PERSON
1180,9, लक्ष्मण ,B-PERSON
1181,9, और ,B-PERSON
1182,9, मुझको ,B-PERSON
1188,9, उसके ,B-PERSON
1189,9, भाई ,B-PERSON
1190,9, विभीषण ,B-PERSON
1191,9, ने ,B-PERSON
1193,9, कापिस ,B-PERSON
1201,9, रावण ,B-PERSON
1208,9, सीता ,B-PERSON
1209,9, फे ,B-PERSON
1210,9, राम ,B-PERSON
1211,9, को ,B-PERSON
1212,9, लन्देश ,B-PERSON
1213,9, यह ,B-PERSON
1215,9, उस ,B-PERSON
1218,9, सन्तुष्ट ,B-PERSON
1221,9, निपुण ,B-PERSON
1222,9, वानर ,B-PERSON
1223,9, श्रेष्ठ ,B-PERSON
1224,9, सीता ,B-PERSON
1226,9, यह ,B-PERSON
1228,9, पोका ,B-PERSON
1230,9, १ ,B-PERSON
1231,9, हे ,B-PERSON
1232,9, देवि ,B-PERSON
1233,9, यह ,B-PERSON
1234,9, तेरा ,B-PERSON
1235,9, उस ,B-PERSON
1236,9, महात्मा ,B-PERSON
1237,9, की ,B-PERSON
1238,9, पत्नी ,B-PERSON
1241,9, सटमा ,B-PERSON
1242,9, वचन ,B-PERSON
1244,9, तेरे ,B-PERSON
1246,9, हे ,B-PERSON
1247,9, देवि ,B-PERSON
1249,9, वचन ,B-PERSON
1253,9, राम ,B-PERSON
1266,9, राम ,B-PERSON
1275,9, सुन्दर ,B-PERSON
1276,9, दिव्य ,B-LOCATION
1277,9, चूड़ामणि ,B-PERSON
1278,9, (शिरोमणि) ,B-PERSON
1279,9, खोलकर ,B-PERSON
1280,9," ""यह ",B-LOCATION
1281,9, राम ,B-PERSON
1287,9, सीता ,B-PERSON
1288,9, ने ,B-PERSON
1289,9, हनुमान ,B-PERSON
1290,9, को ,B-PERSON
1297,10, महायाह ,B-PERSON
1298,10, राम ,B-PERSON
1299,10, इस ,B-LOCATION
1300,10, दुखि ,B-PERSON
1301,10, समुद्र ,B-PERSON
1317,10, राक्षसों ,B-PERSON
1326,10, हे ,B-PERSON
1328,10, तेरा ,B-PERSON
1332,10, तब ,B-PERSON
1333,10, हनुमान ,B-PERSON
1334,10, ने ,B-PERSON
1335,10, उस ,B-PERSON
1336,10, प्रमदाधन ,B-PERSON
1343,10, पंछी ,B-PERSON
1349,10, वेळ ,B-PERSON
1350,10, यूटों ,B-PERSON
1354,10, तव ,B-PERSON
1356,10, सुखों ,B-PERSON
1357,10, पाली ,B-LOCATION
1358,10, * ,B-PERSON
1361,10, भागे ,B-PERSON
1362,10, जो ,B-PERSON
1363,10, हनुमान ,B-PERSON
1364,10, के ,B-PERSON
1366,10, युर ,B-PERSON
1376,10, हनुमान ,B-PERSON
1377,10, ने ,B-PERSON
1378,10, राक्षसों ,B-PERSON
1379,10, से ,B-PERSON
1380,10, इन्दयुत ,B-PERSON
1381,10, मांगा ,B-PERSON
1384,10, युद्ध ,B-PERSON
1398,10, दूसरा ,B-PERSON
1400,10, होसका ,B-PERSON
1401,10, था ,B-LOCATION
1402,10, । ,B-PERSON
1403,10, रामसियें ,B-PERSON
1404,10, रावण ,B-PERSON
1405,10, के ,B-PERSON
1407,10, जाकर ,B-PERSON
1408,10, एक ,B-PERSON
1409,10, अयङ्कार ,B-PERSON
1410,10, विरुप ,B-PERSON
1411,10, चानर ,B-PERSON
1412,10, का ,B-PERSON
1414,10, उसे ,B-PERSON
1415,10, पतलाती ,B-LOCATION
1416,10, भैई ,B-PERSON
1417,10, ।। ,B-PERSON
1419,10, पवनपुत्र ,B-PERSON
1420,10, वीर ,B-PERSON
1421,10, उन ,B-PERSON
1422,10, किंकरों ,B-PERSON
1423,10, को ,B-PERSON
1424,10, मार ,B-PERSON
1426,10, वह ,B-PERSON
1427,10, महावीर ,B-PERSON
1428,10, युद्ध ,B-PERSON
1431,10, देउदी ,B-PERSON
1441,11, महारथी ,B-PERSON
1442,11, जम्बूपाली ,B-LOCATION
1443,11, अङ्गों ,B-PERSON
1445,11, चूर ,B-PERSON
1449,11, वृक्ष ,I-LOCATION
1450,11, की ,I-LOCATION
1458,11, जम्बूमाली ,B-PERSON
1459,11, और ,B-PERSON
1460,11, महावली ,B-PERSON
1461,11, किंकरों ,B-PERSON
1462,11, को ,B-PERSON
1465,11, पून ,B-PERSON
1467,11, रावण ,B-PERSON
1468,11, क्रोध ,B-PERSON
1473,11, नेश ,B-PERSON
1474,11, लाल ,B-PERSON
1476,11, तब ,B-PERSON
1477,11, वह ,B-PERSON
1478,11, बीर ,B-PERSON
1479,11, वानर ,B-PERSON
1480,11, सन ,B-PERSON
1481,11, सेनापत्तियों ,B-LOCATION
1482,11, को ,B-PERSON
1483,11, सेना ,B-LOCATION
1484,11, और ,B-PERSON
1485,11, चाइनों ,B-LOCATION
1486,11, समेत ,B-PERSON
1487,11, मारकर ,B-PERSON
1488,11, मजा ,B-LOCATION
1489,11, के ,B-PERSON
1490,11, नाश ,B-PERSON
1491,11, में ,B-LOCATION
1492,11, काल ,B-PERSON
1495,11, देखड़ी ,B-PERSON
1497,11, उत्सव ,B-PERSON
1501,11, उन ,B-PERSON
1503,11, सेनापतियों ,I-PERSON
1504,11, को ,B-PERSON
1505,11, अनुघरों ,B-PERSON
1507,11, वाहनों ,B-PERSON
1509,11, मारा ,B-PERSON
1511,11, सुनकर ,B-PERSON
1512,11, राजा ,B-PERSON
1513,11, ने ,B-PERSON
1514,11, युद्ध ,B-PERSON
1517,11, तय्यार ,B-PERSON
1518,11, सामने ,B-LOCATION
1519,11, खड़े ,B-PERSON
1520,11, हुए ,B-PERSON
1521,11, कुमार ,B-PERSON
1522,11, अक्ष ,B-PERSON
1523,11, को ,B-PERSON
1528,11," राने, ",B-PERSON
1529,11, कमर ,B-PERSON
1531,11, छाती ,B-PERSON
1547,11, उस ,B-PERSON
1548,11, पवनपुत्र ,B-PERSON
1549,11, ने ,B-PERSON
1550,11, राक्षस ,B-PERSON
1551,11, को ,B-PERSON
1552,11, शयिती ,B-PERSON
1554,11, मार ,B-PERSON
1556,11, ।। ,B-PERSON
1559,11, मग ,B-PERSON
1561,11, (प०४८-४२ ,I-PERSON
1562,11, ) ,B-PERSON
1563,11, मेघनाद ,B-PERSON
1564,11, से ,B-PERSON
1565,11, युद्ध ,B-PERSON
1566,11, हनुमान ,B-PERSON
1567,11, का ,B-PERSON
1568,11, बन्धना ,B-PERSON
1569,11, और ,B-PERSON
1570,11, रावण ,B-PERSON
1571,11, के ,B-PERSON
1572,11, दर्शन ,B-PERSON
1573,11, जय ,B-PERSON
1574,11, हनुमान ,B-PERSON
1575,11, ने ,B-PERSON
1576,11, कुमार ,B-PERSON
1577,11, अक्ष ,B-PERSON
1578,11, को ,B-PERSON
1579,11, मार ,B-PERSON
1581,11, तब ,B-PERSON
1582,11, महात्मा ,B-PERSON
1583,11, राक्षसपति ,B-PERSON
1584,11, ने ,B-PERSON
1585,11, मन ,B-PERSON
1586,11, को ,B-PERSON
1587,11, एकाग्र ,B-PERSON
1588,11, करके ,B-PERSON
1589,11, देवतुल्य ,B-PERSON
1590,11, इन्द्रजित ,B-PERSON
1591,11, (मेघनाद) ,B-PERSON
1592,11, को ,B-PERSON
1595,11, ।। ,B-PERSON
1601,11, हुए ,B-PERSON
1602,11, पूर्ण ,B-PERSON
1603,11, इन्द्र ,B-PERSON
1604,11, ध्वजवाले ,B-PERSON
1605,11, को ,B-PERSON
1606,11, देखकर ,B-PERSON
1607,11, वानर ,B-PERSON
1608,11, महानाद ,B-PERSON
1609,11, करता ,B-PERSON
1611,11," गर्मा, ",B-PERSON
1615,11, तच ,B-PERSON
1616,11, राक्षस ,B-PERSON
1618,11, उस ,B-PERSON
1623,11, वानर ,B-PERSON
1627,11, पृथिवी ,B-PERSON
1632,12, महा ,B-PERSON
1633,12, हृदय ,B-PERSON
1635,12, रावण ,B-PERSON
1636,12, को ,B-PERSON
1638,12, महान ,B-PERSON
1639,12, हृदय ,B-PERSON
1640,12, वाला ,B-PERSON
1641,12, धानरश्रेष्ठ ,B-LOCATION
1642,12, सावधान ,B-PERSON
1647,12, घोला ,B-PERSON
1648,12," संग२७०५२,५३)हनुमाह ",B-PERSON
1649,12, की ,B-PERSON
1656,12, * ,B-PERSON
1657,12, महात्मा ,B-PERSON
1658,12, वानर ,B-PERSON
1659,12, के ,B-PERSON
1660,12, वचन ,B-PERSON
1663,12, क्रोध ,B-PERSON
1664,12, से ,B-PERSON
1665,12, मूछिताए ,B-PERSON
1666,12, रावण ,B-PERSON
1667,12, ने ,B-PERSON
1668,12, उसके ,B-PERSON
1669,12, वध ,B-PERSON
1670,12, की ,B-PERSON
1671,12, आजादीशापर ,B-PERSON
1672,12, विभीषण ,B-PERSON
1673,12, ने ,B-PERSON
1674,12, इस ,B-PERSON
1677,12, . ,B-PERSON
1680,12, आग ,B-PERSON
1681,12, लंका ,B-LOCATION
1682,12, दाह ,B-PERSON
1683,12, का ,B-LOCATION
1684,12, ओ ,B-PERSON
1690,12, भत्युकि ,B-PERSON
1695,12, मसभाक्तिी ,B-PERSON
1698,12, प्रयल ,B-PERSON
1699,12, राक्षसों ,B-PERSON
1701,12, राजधानी ,B-PERSON
1703,12, अफेला ,B-PERSON
1704,12, हनुमान ,B-PERSON
1705,12, लोगों ,B-PERSON
1706,12, के ,B-PERSON
1709,12, फिर ,B-PERSON
1719,12, विच ,B-PERSON
1720,12, बनुमान ,B-PERSON
1721,12, ने ,B-PERSON
1722,12, जो ,B-PERSON
1725,12, थोशामों ,B-PERSON
1728,12, लगामा ,B-PERSON
1729,12, माहा ,B-PERSON
1730,12," था, ",B-PERSON
1731,12, अब ,B-PERSON
1732,12, इन्द्र ,B-PERSON
1733,12, गुग ,B-PERSON
1735,12, मिस ,B-PERSON
1738,12, क्योंकि ,B-PERSON
1739,12, (हनुमान् ,B-PERSON
1740,12, ) ,B-PERSON
1742,12, दूत ,B-PERSON
1748,12, बानरों ,B-PERSON
1749,12, का ,B-PERSON
1750,12, प्यारा ,B-PERSON
1751,12, भूषण ,B-PERSON
1754,12, वह ,B-PERSON
1759,12, सच ,B-PERSON
1762,12, जली ,B-PERSON
1771,12, क्रोध ,B-PERSON
1773,12, प्रचण्ड ,B-PERSON
1774,12, राक्षस ,B-PERSON
1776,12, चुफा ,B-PERSON
1784,12, । ,B-PERSON
1785,12, हनुमान ,B-PERSON
1786,12, चामर ,B-PERSON
1787,12, न ,B-PERSON
1790,12, दूसरी ,B-PERSON
1791,12, जातियों ,B-PERSON
1793,12, मुकाबिले ,B-PERSON
1795,12, यह ,B-PERSON
1796,12, उस ,B-LOCATION
1797,12, जाति ,B-PERSON
1798,12, का ,B-PERSON
1799,12, नाम ,B-LOCATION
1800,12, या। ,B-PERSON
1818,12, रावण ,B-PERSON
1819,12, ने ,B-PERSON
1820,12, दूत ,B-PERSON
1823,12, घजुमार ,B-PERSON
1824,12, को ,B-PERSON
1825,12, माय ,B-PERSON
1826,12, जान ,B-PERSON
1827,12, फर ,B-PERSON
1830,12, जो ,B-PERSON
1831,12, हनुमान ,B-PERSON
1832,12, ने ,B-PERSON
1833,12, वानरराज ,B-PERSON
1834,12, सुग्रीव ,B-PERSON
1836,12, चढ़ाई ,I-LOCATION
1842,12, बदले ,B-PERSON
1843,12, में ,B-PERSON
1844,12, हनुमान ,B-PERSON
1845,12, के ,B-PERSON
1846,12, सन्मुच ,B-PERSON
1847,12, वानर ,B-PERSON
1848,12, की ,B-PERSON
1849,12, पूंछ ,B-PERSON
1857,12, उस ,B-PERSON
1858,12, वानर ,B-PERSON
1859,12, जाति ,B-PERSON
1865,12, जैसर ,B-PERSON
1867,12, अब ,B-PERSON
1868,12, रूस ,B-LOCATION
1869,12, की ,B-PERSON
1871,12, रीछ ,B-PERSON
1874,12, हनुमान ,B-PERSON
1875,12, जब ,B-PERSON
1876,12, जेला ,B-PERSON
1877,12," भया, ",B-PERSON
1879,12, उसने ,B-PERSON
1880,12, इस ,B-LOCATION
1881,12, जात्यपमान ,B-PERSON
1887,12, वानर ,B-PERSON
1888,12, की ,B-PERSON
1894,12, किले ,I-LOCATION
1901,12, कि ,B-PERSON
1902,12, बानर ,B-PERSON
1904,12, पंछ ,B-PERSON
1923,12, न ,B-PERSON
1924,12, हनुमान ,B-PERSON
1926,12, पूंछ ,B-PERSON
1930,12, एम ,B-PERSON
1933,12, एफ ,B-PERSON
1944,12, माग ,B-PERSON
1946,12, पचन ,B-PERSON
1954,12, कपासी ,B-PERSON
1966,13, पुशवाला ,B-PERSON
1967,13, विजलीवाले ,B-LOCATION
1968,13, मेघके ,B-PERSON
1969,13, तुल्य ,B-LOCATION
1970,13, बह ,B-LOCATION
1971,13, महावानर ,B-PERSON
1972,13, लङ्कर ,B-LOCATION
1973,13, के ,I-LOCATION
1974,13, भवनों ,I-LOCATION
1975,13, की ,I-LOCATION
1976,13, चोटियों ,I-LOCATION
1978,13, मा४ ,I-LOCATION
1979,13, राक्षसों ,B-PERSON
1981,13, घर ,I-LOCATION
1983,13, घर ,I-LOCATION
1985,13, घरों ,I-LOCATION
1986,13, के ,I-LOCATION
1987,13, बगीचों ,I-LOCATION
1990,13, हुआ ,I-LOCATION
1991,13, यह ,B-LOCATION
1992,13, बानर ,B-PERSON
1993,13, निडर ,B-LOCATION
1994,13, हो ,B-LOCATION
1995,13, पालों ,B-LOCATION
2000,13, महातेजस्वी ,B-PERSON
2001,13, पानरश्रेष्ठ ,B-PERSON
2002,13, में ,B-LOCATION
2003,13, विपीपण ,B-PERSON
2005,13, घर ,I-LOCATION
2013,13, व०५७) ,B-PERSON
2014,13, हनुमान ,B-PERSON
2015,13, का ,B-PERSON
2016,13, जाम्यवान ,B-PERSON
2017,13, आदि ,B-PERSON
2018,13, के ,B-PERSON
2019,13, पास ,B-LOCATION
2020,13, वापिसजामा ,B-PERSON
2021,13, बहे ,B-PERSON
2022,13, नाद ,B-PERSON
2024,13, गर्जना ,B-PERSON
2026,13, मेघ ,B-PERSON
2033,13, पहातेजस्वी ,B-PERSON
2034,13, प्रवर ,B-LOCATION
2035,13, राक्षसों ,B-PERSON
2036,13, को ,B-PERSON
2037,13, मारकर ,B-PERSON
2039,13, नाम ,B-PERSON
2042,13, नगरी ,B-PERSON
2043,13, को ,B-PERSON
2044,13, व्याकुल ,B-PERSON
2045,13," करके, ",B-PERSON
2046,13, रावण ,B-PERSON
2047,13, को ,B-PERSON
2048,13, तग ,B-PERSON
2050,13, बड़े ,B-PERSON
2051,13, वीरों ,B-PERSON
2052,13, को ,B-PERSON
2055,13, और ,B-PERSON
2056,13, सीता ,B-PERSON
2057,13, को ,B-PERSON
2058,13, अभिवादन ,B-PERSON
2060,13, फिर ,B-PERSON
2061,13, समुद्र ,B-PERSON
2062,13, . ,B-LOCATION
2063,13, के ,B-PERSON
2064,13, मध्य ,B-LOCATION
2065,13, से ,B-PERSON
2066,13, पर्वतेन्द्र ,B-PERSON
2067,13, मैनाक ,B-PERSON
2068,13, को ,B-PERSON
2069,13, छूकर ,B-PERSON
2071,13, तब ,B-PERSON
2072,13, वह ,B-PERSON
2074,13, मन ,B-PERSON
2076,13, सभी ,B-PERSON
2077,13, वादाश्रेष्ठ ,B-PERSON
2078,13, महात्मा ,B-PERSON
2079,13, हुनुपान ,B-PERSON
2080,13, को ,B-PERSON
2092,14, पलवण ,B-LOCATION
2093,14, पर्वत ,I-LOCATION
2094,14, पर ,I-LOCATION
2095,14, पहुंचकर ,B-LOCATION
2096,14, महाबली ,B-PERSON
2097,14, राम ,B-PERSON
2098,14, और ,B-PERSON
2099,14, लक्ष्मण ,B-PERSON
2100,14, को ,B-PERSON
2101,14, सिर ,B-PERSON
2102,14, से ,B-PERSON
2105,14, और ,B-PERSON
2106,14, युवराज ,B-PERSON
2107,14, अङ्गद ,B-PERSON
2108,14, को ,B-PERSON
2109,14, भागे ,B-PERSON
2110,14, करके ,B-PERSON
2111,14, सुग्रीव ,B-PERSON
2112,14, का ,B-PERSON
2113,14, अभिवादन ,B-PERSON
2115,14, सीता ,B-PERSON
2116,14, का ,B-PERSON
2121,14, दिव्य ,B-PERSON
2122,14, मुनहरी ,B-PERSON
2123,14, मार्ग ,B-LOCATION
2124,14, जो ,B-PERSON
2126,14, तेम ,B-PERSON
2129,14, होरही ,B-PERSON
2131,14, यह ,B-PERSON
2132,14, राम ,B-PERSON
2133,14, को ,B-PERSON
2135,14, करके ,B-PERSON
2136,14, हनुमान् ,B-PERSON
2137,14, हाप ,B-PERSON
2141,14, यह ,B-PERSON
2142,14, शोभा ,B-PERSON
2143,14, बाली ,B-PERSON
2144,14, समुद्रिय ,B-LOCATION
2145,14, माण ,B-PERSON
2146,14, उसने ,B-PERSON
2149,14, हे ,B-PERSON
2150,14, निष्पाप ,B-PERSON
2151,14, ! ,B-PERSON
2152,14, तेरे ,B-PERSON
2153,14, दर्शन ,B-PERSON
2156,14, इस ,B-PERSON
2158,14, दी ,B-PERSON
2159,14, मणि) ,B-PERSON
2160,14, के ,B-PERSON
2163,14, दुःख ,B-PERSON
2165,14, आनन्द ,B-PERSON
2166,14, मनाऊंगी ,B-PERSON
2167,14, हनुमान ,B-PERSON
2168,14, से ,B-PERSON
2169,14, ऐसे ,B-PERSON
2172,14, दशरथमृत ,B-PERSON
2173,14, उस ,B-PERSON
2174,14, माणि ,B-PERSON
2175,14, को ,B-PERSON
2176,14, हृदय ,B-PERSON
2179,14, लक्ष्मण ,B-PERSON
2180,14, समेत ,B-PERSON
2182,14, रोया ,B-PERSON
2184,15, श्रीमद्वारमीकि ,B-PERSON
2185,15, रामायणे ,B-LOCATION
2186,15, पुन्दरकाण्ड ,B-PERSON
2187,15, समासम् ,B-LOCATION
2188,15, ।युद्धकाण्ड-लङ्काकाण्ड ,B-PERSON
2189,15, युडकाण्ड-लङ्काकाण्ड ,B-LOCATION
2190,15, घ० ,B-PERSON
2191,15," १,२) ",B-LOCATION
2192,15, हनुमान ,B-PERSON
2193,15, को ,B-LOCATION
2194,15, पुरस्कार ,B-PERSON
2196,15, सेना ,B-PERSON
2198,15, पफ ,B-PERSON
2199,15, साय ,B-LOCATION
2200,15, समुद्र ,B-PERSON
2206,15, हनूमतो ,B-PERSON
2210,15, रामः ,B-PERSON
2211,15, प्रीतिसयायुक्तो ,B-PERSON
2212,15, काक्यमुत्तरमब्रवीत् ,B-LOCATION
2213,15, एप ,B-PERSON
2214,15, सबस्वभूतम्त ,B-LOCATION
2215,15, परियङ्गो ,B-PERSON
2218,15, मया ,B-PERSON
2219,15, कालमियं ,B-LOCATION
2220,15, पाप्प ,B-PERSON
2221,15, दचस्तस्य ,B-LOCATION
2222,15, महात्मनाः ,B-PERSON
2223,15, इत्युक्त्वा ,B-LOCATION
2224,15, पीतिहष्टाङ्गो ,B-PERSON
2225,15, रामस्त ,B-LOCATION
2226,15, परिपस्वने ,B-PERSON
2228,15, हनूमन्तं ,B-PERSON
2229,15, कृतात्मानं ,B-PERSON
2230,15, कृतवाक्यमुपागतम् ,B-LOCATION
2231,15, हनुमान ,B-PERSON
2232,15, ने ,B-PERSON
2291,15, समुद्र ,B-PERSON
2301,16, शूरवीर ,B-PERSON
2302,16," समर्य, ",B-LOCATION
2303,16, वानर ,B-PERSON
2304,16, सेनापति ,B-PERSON
2305,16, सब ,B-PERSON
2307,16, सब ,B-PERSON
2313,16, अनि ,B-PERSON
2323,16, समुद्र ,B-PERSON
2336,16, सपर्वतमासाद ,B-PERSON
2337,16, बानरास्ते ,B-LOCATION
2338,16, समारुहन् ,B-PERSON
2339,16, वां ,B-LOCATION
2340,16, सेना ,B-PERSON
2344,16, कश्विस्कृतो ,B-PERSON
2347,16, गच्छन्तु ,B-PERSON
2348,16, वानराः ,B-LOCATION
2349,16, शूगर ,B-PERSON
2350,16, हेच ,B-LOCATION
2351,16, छ ,B-PERSON
2352,16, भयं ,B-LOCATION
2353,16, च ,B-PERSON
2354,16, नः ,B-LOCATION
2355,16, विरान ,B-PERSON
2356,16, समीपस्य ,B-LOCATION
2357,16, सागरस्य ,B-LOCATION
2358,16, च ,B-PERSON
2359,16, तलम् ,B-LOCATION
2360,16, । ,B-PERSON
2361,16, मधुपाण्डमला ,B-LOCATION
2362,16, श्रीमान्द्रितीय ,B-PERSON
2363,16, र ,B-LOCATION
2364,16, सागर ,B-PERSON
2365,16, सागर ,B-LOCATION
2366,16, चाम्बरमख्यमम्वरं ,B-PERSON
2367,16, सागरोपमम् ,B-LOCATION
2368,16, । ,B-PERSON
2369,16, सागरं ,B-LOCATION
2370,16, चाम्बरं ,B-PERSON
2371,16, चेति ,B-LOCATION
2372,16, निर्षिघोषमापत ,B-PERSON
2383,17, पर्वत ,I-LOCATION
2386,17, वर ,B-PERSON
2387,17, वानर ,B-PERSON
2388,17, उप्त ,B-PERSON
2394,17, महापर्वत ,B-PERSON
2397,17, मलय ,B-PERSON
2401,17, भयङ्कर ,B-PERSON
2403,17, समुद्र ,I-LOCATION
2411,17, छावनी ,B-PERSON
2419,17, पानर ,B-PERSON
2420,17, सेना ,B-LOCATION
2421,17, परले ,B-PERSON
2425,17, राम ,B-PERSON
2426,17, के ,B-PERSON
2430,17, सुग्रीव ,B-PERSON
2431,17, और ,B-PERSON
2432,17, लक्ष्मण ,B-PERSON
2433,17, ने ,B-PERSON
2434,17, वृक्षों ,B-PERSON
2438,17, सागर ,I-LOCATION
2439,17, तीर ,B-LOCATION
2440,17, पर ,B-LOCATION
2441,17, सेना ,B-LOCATION
2442,17, की ,I-LOCATION
2443,17, छावनी ,B-LOCATION
2444,17, डालदी ,B-PERSON
2445,17, समुद्र ,B-LOCATION
2446,17, आकाशके ,B-PERSON
2450,17, समुद्र ,I-LOCATION
2463,18,सक्षसेन्द्र ,B-PERSON
2468,18, महावली ,B-PERSON
2469,18, रासस ,B-PERSON
2472,18, राक्षमेन्द्र ,B-PERSON
2473,18, रावण ,B-PERSON
2474,18, से ,B-PERSON
2477,18, हमारा ,B-PERSON
2478,18, यल ,B-PERSON
2482,18, बड़ा ,B-PERSON
2484,18, आप ,B-PERSON
2485,18, क्यों ,B-PERSON
2486,18, एदास ,B-PERSON
2489,18, आपने ,B-PERSON
2490,18, भोगवती ,B-PERSON
2492,18, माकर ,B-PERSON
2493,18, नाग ,B-PERSON
2494,18, जीते ,B-PERSON
2496,18, विभीषण ,B-PERSON
2497,18, के ,B-PERSON
2498,18, वचन ,B-PERSON
2500,18, पुनकर ,B-PERSON
2501,18, राक्षसेश्वर ,B-PERSON
2502,18, रावण ,B-PERSON
2503,18, उन ,B-PERSON
2504,18, सब ,B-PERSON
2505,18, को ,B-PERSON
2506,18, विसर्जन ,B-PERSON
2508,18, अपने ,B-PERSON
2511,18, प्रविष्ट ,B-PERSON
2512,18, हुभा ,B-PERSON
2513,18, राक्षसी ,B-PERSON
2514,18, से ,B-PERSON
2515,18, पूजित ,B-PERSON
2516,18, उस ,B-LOCATION
2517,18, महावाहू ,B-PERSON
2518,18, ने ,B-PERSON
2519,18, अपने ,B-PERSON
2520,18, वज ,B-PERSON
2521,18, से ,B-PERSON
2523,18, आसन ,B-PERSON
2527,18, रावण ,B-PERSON
2528,18, को ,B-PERSON
2532,18, एकान्त ,B-PERSON
2534,18, मन्त्रियों ,B-PERSON
2535,18, के ,B-PERSON
2536,18, समक्ष ,B-PERSON
2537,18, उसने ,B-PERSON
2538,18, महात्मा ,B-PERSON
2539,18, रावण ,B-PERSON
2540,18, को ,B-PERSON
2541,18, हेतुओं ,B-PERSON
2542,18, से ,B-PERSON
2544,18, अतीव ,B-PERSON
2546,18, वचन ,B-PERSON
2548,18, किमी ,B-PERSON
2554,18, राम ,B-PERSON
2555,18, कमी ,B-PERSON
2556,18, सीता ,B-PERSON
2560,18, युद्ध ,B-PERSON
2562,18, इन्द्र ,B-PERSON
2563,18, सहित ,B-PERSON
2564,18, देवताओं ,B-PERSON
2565,18, के ,B-PERSON
2579,18, देवताओं ,B-PERSON
2580,18, की ,B-PERSON
2581,18, सेना ,B-PERSON
2582,18, के ,B-PERSON
2584,18, करनेवाले ,B-PERSON
2585,18, रण ,B-PERSON
2586,18, में ,B-PERSON
2587,18, प्रचण्ड ,B-PERSON
2588,18, पराक्रमवाले ,B-PERSON
2589,18, महावली ,B-PERSON
2590,18, रावणने ,B-PERSON
2591,18, सत्यवादी ,B-PERSON
2592,18, माई ,B-PERSON
2593,18, विभीषण ,B-PERSON
2594,18, को ,B-PERSON
2599,19, की ,I-LOCATION
2600,19, जालियों ,B-LOCATION
2601,19, चाले ,B-PERSON
2602,19, मणि ,B-LOCATION
2603,19, और ,B-PERSON
2604,19, गुलियों ,B-PERSON
2606,19, भूपित ,B-PERSON
2609,19, घोड़ों ,B-PERSON
2611,19, महारथ ,B-PERSON
2614,19, सवार ,B-PERSON
2617,19, नाना ,B-PERSON
2620,19, अलग ,B-PERSON
2622,19, चेपा ,B-PERSON
2624,19, नाना ,B-PERSON
2625,19, भूषणों ,B-PERSON
2627,19, भूपित्त ,B-PERSON
2628,19, रोधे ,B-PERSON
2640,19, को ,I-LOCATION
2641,19, नगर ,B-LOCATION
2642,19, की ,B-PERSON
2649,19, महस्व ,B-PERSON
2650,19, राजा ,B-PERSON
2651,19, के ,B-PERSON
2656,19, सीता ,B-PERSON
2660,19, और ,B-PERSON
2661,19, दशरथ ,B-PERSON
2662,19, के ,B-PERSON
2663,19, दोनों ,B-PERSON
2664,19, पुत्रों ,B-PERSON
2675,19, मुनीति ,B-PERSON
2678,19, रावण ,B-PERSON
2679,19, को ,B-PERSON
2680,19, क्रुद्ध ,B-PERSON
2682,19, महावली ,B-PERSON
2683,19, महापाय ,B-PERSON
2690,20,सगै ,B-PERSON
2692,20, (२०५४) ,I-PERSON
2693,20, विभीषण ,B-PERSON
2695,20, सीता ,B-PERSON
2697,20, वापिस ,B-PERSON
2701,20, रामसेन्द्र ,B-PERSON
2703,20, रचन ,B-PERSON
2706,20, कुम्भक ,B-PERSON
2708,20, गर्जनाओं ,B-PERSON
2711,20, विभीषण ,B-PERSON
2712,20, राक्षसराज ,B-PERSON
2713,20, का ,B-PERSON
2714,20, हितकारी ,B-PERSON
2719,20, वचन ,B-PERSON
2721,20, सहस्त ,B-PERSON
2724,20, चाक्य ,B-PERSON
2727,20, राजा ,B-PERSON
2728,20, का ,B-PERSON
2730,20, चाइनेवाला ,B-PERSON
2735,20, स्चिन ,B-PERSON
2736,20, बुदिशाका ,B-PERSON
2737,20, विभीषण ,B-PERSON
2739,20, अर्थवाला ,B-PERSON
2740,20, बचन ,B-PERSON
2742,20, यह ,B-PERSON
2743,20, राजा ,B-PERSON
2744,20, न्यसनों ,B-PERSON
2745,20, के ,B-PERSON
2759,20, तिस ,B-PERSON
2761,20, शत्रु ,B-PERSON
2762,20, तुल्य ,B-PERSON
2763,20, आप ,B-PERSON
2765,20, मित्र ,B-PERSON
2766,20, राक्षसों ,B-PERSON
2768,20, नाशार्थ ,B-PERSON
2777,20, पुर ,B-PERSON
2780,20, सुहृद' ,B-PERSON
2781,20, जनों ,B-PERSON
2782,20, और ,B-PERSON
2783,20, दूसरे ,B-PERSON
2784,20, राक्षसों ,B-PERSON
2785,20, समेत ,B-PERSON
2786,20, रामा ,B-PERSON
2801,20, सीता ,B-PERSON
2802,20, नरेन्द्रपुत्र ,B-PERSON
2803,20, को ,B-PERSON
2807,20, कुल ,B-PERSON
2809,20, एकही ,B-PERSON
2810,20, पुरुष ,B-PERSON
2812,20," वीर्य, ",B-PERSON
2814,20," धैर्य, ",B-PERSON
2817,20, तेज ,B-PERSON
2825,20, छोटा ,B-PERSON
2826,20, सात ,B-LOCATION
2827,20, विभीषण ,B-PERSON
2829,20, हे ,B-PERSON
2830,20, राजन् ,B-PERSON
2831,20, ! ,B-PERSON
2832,20, इस ,B-PERSON
2834,20," रत्न, ",B-PERSON
2835,20," भूषण, ",B-PERSON
2836,20, दिव्य ,B-PERSON
2837,20," बच्च, ",B-PERSON
2838,20, विचित्र ,B-PERSON
2839,20, पनि ,B-PERSON
2840,20, और ,B-PERSON
2841,20, देवी ,B-PERSON
2842,20, सीता ,B-PERSON
2843,20, राम ,B-PERSON
2844,20, को ,B-PERSON
2848,20, बीतशोक ,B-PERSON
2854,21, परुष ,B-PERSON
2865,21, हिवैपिणा ,B-PERSON
2870,21, निशाचर ,B-PERSON
2873,21, हि ,B-PERSON
2874,21, साधुपो ,B-LOCATION
2875,21, नरा ,B-PERSON
2876,21, हितं ,B-LOCATION
2877,21, न ,B-PERSON
2892,21, राजन् ,B-PERSON
2893,21, ! ,B-PERSON
2905,21, भाई ,B-PERSON
2908,21, पितृतुल्प ,B-PERSON
2920,21, भाई ,B-PERSON
2935,21, राक्षस ,B-PERSON
2962,22,रावणका ,B-PERSON
2963,22, छोटा ,B-LOCATION
2964,22, भाई ,B-PERSON
2965,22, विभीषण ,B-PERSON
2967,22, दूसरे ,B-PERSON
2968,22, राक्षसों ,B-PERSON
2969,22, सहित ,B-PERSON
2971,22, शरण ,B-PERSON
2977,22, रावण ,B-PERSON
2981,22, माया ,B-PERSON
2996,22, आप ,B-PERSON
3025,22, निशार ,B-PERSON
3036,22, भाई ,B-PERSON
3049,22, भरिमाणान्परिखज्य ,B-PERSON
3050,22, रक्षितम्या ,B-LOCATION
3051,22, कृतात्पना ,B-PERSON
3052,23,.श्रीवास्मीकि ,B-PERSON
3053,23, रामायण ,B-PERSON
3054,23, टीका-वानराधिपति ,B-PERSON
3055,23, के ,B-PERSON
3065,23, पराकमवाला ,B-PERSON
3066,23, राय ,B-LOCATION
3067,23, यह ,B-PERSON
3070,23, एकबार ,B-PERSON
3085,23, लोगों ,B-PERSON
3097,23, अन्तरात्मा ,B-PERSON
3098,23, विभीषण ,B-PERSON
3114,23, सगै ,B-PERSON
3116,23, (व. ,B-PERSON
3118,23, ) ,I-PERSON
3119,23, विभीषण ,B-PERSON
3120,23, का ,B-PERSON
3121,23, शरणागत ,B-PERSON
3123,23, राम ,B-PERSON
3125,23, अभय ,B-PERSON
3130,23, हुपा ,B-PERSON
3131,23, रावण ,B-PERSON
3132,23, का ,B-PERSON
3133,23, छोटा ,B-PERSON
3134,23, भाई ,B-PERSON
3135,23, चारों ,B-PERSON
3136,23, राक्षसों ,B-PERSON
3137,23, ममेत ,B-PERSON
3142,23, आपके ,B-PERSON
3144,23, मेरा ,B-PERSON
3152,23, इस ,B-PERSON
3156,23, वाणी ,B-PERSON
3157,23, से ,B-PERSON
3158,23, उसकोवसल्ली ,B-PERSON
3161,23, नेत्रों ,B-PERSON
3166,23, राम ,B-PERSON
3167,23, यह ,B-PERSON
3171,23, राक्षसों ,B-PERSON
3172,23, का ,B-PERSON
3173,23, बलाचळ ,B-PERSON
3177,24,रावण ,B-PERSON
3178,24, रसातल ,B-PERSON
3179,24, वा ,B-LOCATION
3180,24, पाताल ,B-PERSON
3187,24, ब्रह्मा ,B-PERSON
3193,24, अब ,B-PERSON
3204,24, मुखदायी ,B-PERSON
3205,24, कर्मावाले ,B-PERSON
3206,24, राम ,B-PERSON
3207,24, के ,B-PERSON
3212,24, वह ,B-PERSON
3213,24, धर्मात्मा ,B-PERSON
3214,24, सिर ,B-PERSON
3218,24, फिर ,B-PERSON
3222,24, पर्ववतुल्प ,B-PERSON
3224,24, पर्वतों ,I-LOCATION
3226,24, वृक्षों ,I-LOCATION
3229,24, समुद्र ,I-LOCATION
3230,24, की ,I-LOCATION
3234,24, और ,I-LOCATION
3235,24, वह ,B-LOCATION
3236,24, महावली ,B-PERSON
3237,24, महाकाय ,B-LOCATION
3238,24, वानर ,B-PERSON
3239,24, हाथी ,B-LOCATION
3240,24, जितने ,B-LOCATION
3241,24, बड़े ,B-PERSON
3243,24, पत्थरों ,B-LOCATION
3244,24, को ,I-LOCATION
3245,24, और ,I-LOCATION
3246,24, पर्वतों ,I-LOCATION
3253,24, फैकी ,I-LOCATION
3255,24, हुई ,I-LOCATION
3256,24, शिलाओं ,I-LOCATION
3257,24, और ,I-LOCATION
3259,24, हुए ,I-LOCATION
3260,24, पर्वतों ,I-LOCATION
3261,24, का ,I-LOCATION
3262,24, उस ,B-LOCATION
3263,24, महासागर ,B-LOCATION
3264,24, में ,I-LOCATION
3265,24, तुमल ,B-LOCATION
3269,24, हे ,B-PERSON
3270,24, नरदेव ,B-PERSON
3271,24, सागर ,B-LOCATION
3272,24, समेत ,B-PERSON
3273,24, सारी ,B-LOCATION
3274,24, पृथिवी ,B-PERSON
3288,24, मनुष्य ,B-PERSON
3290,24, देवताओं ,B-PERSON
3292,24, संस्कृत ,B-PERSON
3293,24, राम ,B-PERSON
3294,24, को ,B-PERSON
3298,25, दानों ,B-PERSON
3299,25, बेमालुम ,B-LOCATION
3300,25, वानरों ,B-PERSON
3312,25, वानर-१३जो ,B-PERSON
3313,25, युद्ध ,B-PERSON
3321,25, दूसरे ,B-PERSON
3322,25, शूरवीर ,B-PERSON
3323,25, वानर ,B-PERSON
3324,25," है, ",B-PERSON
3327,25, उन ,B-PERSON
3328,25, महात्मा ,B-PERSON
3329,25, वानरों ,B-PERSON
3330,25, का ,B-PERSON
3332,25, (तरतीव) ,B-PERSON
3338,25, राम ,B-PERSON
3339,25, का ,B-PERSON
3340,25, और ,B-PERSON
3341,25, वीर ,B-PERSON
3342,25, लक्ष्मण ,B-PERSON
3343,25, का ,B-PERSON
3345,25, पाक्ति ,B-PERSON
3347,25, शव ,B-PERSON
3348,25, ठीक ,B-PERSON
3354,25, दोनों ,B-PERSON
3355,25, राम ,B-PERSON
3377,25, शुक ,B-PERSON
3378,25, सारण ,B-LOCATION
3379,25, राक्षस ,B-PERSON
3382,25, इस ,B-PERSON
3384,25, धर्मप्रिय ,B-PERSON
3385,25, राघव ,B-PERSON
3386,25, को ,B-PERSON
3387,25, प्रविनन्दन ,B-PERSON
3389,25, यह ,B-PERSON
3391,25, शुक ,B-PERSON
3393,25, सारण ,B-PERSON
3394,25, को ,B-PERSON
3398,25, जय ,B-PERSON
